Source,Name  ,Size ,Type,Tags,Alignment,Challenge,XP,Strength,Dexterity,Constitution,Intelligence,Wisdom,Charisma,Acrobatics,Animal Handling,Arcana,Athletics,Deception,History,Insight,Intimidation,Investigation,Medicine,Nature,Perception,Performance,Persuasion,Religion,Sleight of Hand,Stealth,Survival,Hit Points,Damage,,
mm 100,Ancient White Dragon,Gargantuan,Dragon,,CE,20,25000,26,10,26,10,13,14,,,,,,,,,,,,,,,,,,,333,,,
mm 101,Adult White Dragon,Huge,Dragon,,CE,13,10000,22,10,22,8,12,12,,,,,,,,,,,,,,,,,,,200,,,
mm 101,Young White Dragon,Large,Dragon,,CE,6,2300,18,10,18,6,11,12,,,,,,,,,,,,,,,,,,,133,,,
mm 102,White Dragon Wyrmling,Medium,Dragon,,CE,2,450,14,10,14,5,10,11,,,,,,,,,,,,,,,,,,,32,,,
mm 104,Ancient Brass Dragon,Gargantuan,Dragon,,CG,20,25000,27,10,25,16,15,19,,,,,,,,,,,,,,,,,,,297,,,
mm 105,Adult Brass Dragon,Huge,Dragon,,CG,13,10000,23,10,21,14,13,17,,,,,,,,,,,,,,,,,,,172,,,
mm 105,Young Brass Dragon,Large,Dragon,,CG,6,2300,19,10,17,12,11,15,,,,,,,,,,,,,,,,,,,110,,,
mm 106,Brass Dragon Wyrmling,Medium,Dragon,,CG,1,200,15,10,13,10,11,13,,,,,,,,,,,,,,,,,,,16,,,
mm 107,Ancient Bronze Dragon,Gargantuan,Dragon,,LG,22,41000,29,10,27,18,17,21,,,,,,,,,,,,,,,,,,,444,,,
mm 108,Adult Bronze Dragon,Huge,Dragon,,LG,15,13000,25,10,23,16,15,19,,,,,,,,,,,,,,,,,,,212,,,
mm 108,Young Bronze Dragon,Large,Dragon,,LG,8,3900,21,10,19,14,13,17,,,,,,,,,,,,,,,,,,,142,,,
mm 109,Bronze Dragon Wyrmling,Medium,Dragon,,LG,2,450,17,10,15,12,11,15,,,,,,,,,,,,,,,,,,,32,,,
mm 110,Ancient Copper Dragon,Gargantuan,Dragon,,CG,21,33000,27,12,25,20,17,19,,,,,,,,,,,,,,,,,,,350,,,
mm 111,Adult Copper Dragon,Huge,Dragon,,CG,14,11500,23,12,21,18,15,17,,,,,,,,,,,,,,,,,,,184,,,
mm 111,Young Copper Dragon,Large,Dragon,,CG,7,2900,19,12,17,16,13,15,,,,,,,,,,,,,,,,,,,119,,,
mm 112,Copper Dragon Wyrmling,Medium,Dragon,,CG,1,200,15,12,13,14,11,13,,,,,,,,,,,,,,,,,,,22,,,
mm 113,Ancient Gold Dragon,Gargantuan,Dragon,,LG,24,62000,30,14,29,18,17,28,,,,,,,,,,,,,,,,,,,546,,,
mm 114,Adult Gold Dragon,Huge,Dragon,,LG,17,18000,27,14,25,16,15,24,,,,,,,,,,,,,,,,,,,256,,,
mm 115,Gold Dragon Wyrmling,Medium,Dragon,,LG,3,700,19,14,17,14,11,16,,,,,,,,,,,,,,,,,,,60,,,
mm 115,Young Gold Dragon,Large,Dragon,,LG,10,5900,23,14,21,16,13,20,,,,,,,,,,,,,,,,,,,178,,,
mm 116,Ancient Silver Dragon,Gargantuan,Dragon,,LG,23,50000,30,10,29,18,15,23,,,,,,,,,,,,,,,,,,,487,,,
mm 117,Adult Silver Dragon,Huge,Dragon,,LG,16,15000,27,10,25,16,13,21,,,,,,,,,,,,,,,,,,,243,,,
mm 118,Silver Dragon Wyrmling,Medium,Dragon,,LG,2,450,19,10,17,12,11,15,,,,,,,,,,,,,,,,,,,45,,,
mm 118,Young Silver Dragon,Large,Dragon,,LG,9,5000,23,10,21,14,11,19,,,,,,,,,,,,,,,,,,,168,,,
mm 119,Dragon Turtle,Gargantuan,Dragon,,N,17,18000,25,10,20,10,12,12,,,,,,,,,,,,,,,,,,,341,,,
mm 12,Aarakocra,Medium,Humanoid,aarakocra,NG,0.25,50,10,14,10,11,12,11,,,,,,,,,,,,,,,,,,,13,,,
mm 120,Drider,Large,Monstrosity,,CE,6,2300,16,16,18,13,14,12,,,,,,,,,,,,,,,,,,,123,,,
mm 121,Dryad,Medium,Fey,,N,1,200,10,12,11,14,15,18,,,,,,,,,,,,,,,,,,,22,,,
mm 122,Duergar,Medium,Humanoid,dwarf,LE,1,200,14,11,14,11,10,9,,,,,,,,,,,,,,,,,,,26,,,
mm 124,Air Elemental,Large,Elemental,,N,5,1800,14,20,14,6,10,6,,,,,,,,,,,,,,,,,,,126,,,
mm 124,Earth Elemental,Large,Elemental,,N,5,1800,20,8,20,5,10,5,,,,,,,,,,,,,,,,,,,90,,,
mm 125,Fire Elemental,Large,Elemental,,N,5,1800,10,17,16,6,10,7,,,,,,,,,,,,,,,,,,,102,,,
mm 125,Water Elemental,Large,Elemental,,N,5,1800,18,14,18,5,10,8,,,,,,,,,,,,,,,,,,,114,,,
mm 128,Drow,Medium,Humanoid,elf,NE,0.25,50,10,14,10,11,11,12,,,,,,,,,,,,,,,,,,,13,,,
mm 128,Drow Elite Warrior,Medium,Humanoid,elf,NE,5,1800,13,18,14,11,13,12,,,,,,,,,,,,,,,,,,,71,,,
mm 129,Drow Mage,Medium,Humanoid,elf,NE,7,2900,9,14,10,17,13,12,,,,,,,,,,,,,,,,,,,45,,,
mm 129,Drow Priestess of Lolth,Medium,Humanoid,elf,NE,8,3900,10,14,12,13,17,18,,,,,,,,,,,,,,,,,,,71,,,
mm 13,Aboleth,Large,Aberration,,LE,10,5900,21,9,15,18,15,18,,,,,,,,,,,,,,,,,,,135,,,
mm 130,Empyrean,Huge,Celestial,titan,CG or NE,23,50000,30,21,30,21,22,27,,,,,,,,,,,,,,,,,,,313,,,
mm 131,Ettercap,Medium,Monstrosity,,NE,2,450,14,15,13,7,12,8,,,,,,,,,,,,,,,,,,,44,,,
mm 132,Ettin,Large,Giant,,CE,4,1100,21,8,17,6,10,8,,,,,,,,,,,,,,,,,,,85,,,
mm 133,Adult Faerie Dragon,Tiny,Dragon,,CG,2,450,3,20,13,14,12,16,,,,,,,,,,,,,,,,,,,14,,,
mm 133,Young Faerie Dragon,Tiny,Dragon,,CG,1,200,3,20,13,14,12,16,,,,,,,,,,,,,,,,,,,14,,,
mm 134,Flameskull,Tiny,Undead,,NE,4,1100,1,17,14,16,10,11,,,,,,,,,,,,,,,,,,,40,,,
mm 135,Flumph,Small,Aberration,,LG,0.13,25,6,15,10,14,14,11,,,,,,,,,,,,,,,,,,,7,,,
mm 136,Fomorian,Huge,Giant,,CE,8,3900,23,10,20,9,14,6,,,,,,,,,,,,,,,,,,,149,,,
mm 138,Gas Spore,Large,Plant,,Unaligned,0.5,100,5,1,3,1,1,1,,,,,,,,,,,,,,,,,,,1,,,
mm 138,Shrieker,Medium,Plant,,Unaligned,0,10,1,1,10,1,3,1,,,,,,,,,,,,,,,,,,,13,,,
mm 138,Violet Fungus,Medium,Plant,,Unaligned,0.25,50,3,1,10,1,3,1,,,,,,,,,,,,,,,,,,,18,,,
mm 139,Galeb Duhr,Medium,Elemental,,N,6,2300,20,14,20,11,12,11,,,,,,,,,,,,,,,,,,,85,,,
mm 140,Gargoyle,Medium,Elemental,,CE,2,450,15,11,16,6,11,7,,,,,,,,,,,,,,,,,,,52,,,
mm 143,Dao,Large,Elemental,,NE,11,7200,23,12,24,12,13,14,,,,,,,,,,,,,,,,,,,187,,,
mm 144,Djinni,Large,Elemental,,CG,11,7200,21,15,22,15,16,20,,,,,,,,,,,,,,,,,,,161,,,
mm 145,Efreeti,Large,Elemental,,LE,11,7200,22,12,24,16,15,16,,,,,,,,,,,,,,,,,,,200,,,
mm 146,Marid,Large,Elemental,,CN,11,7200,22,12,26,18,17,18,,,,,,,,,,,,,,,,,,,229,,,
mm 147,Ghost,Medium,Undead,,Any,4,1100,7,13,10,10,12,17,,,,,,,,,,,,,,,,,,,45,,,
mm 148,Ghast,Medium,Undead,,CE,2,450,16,17,10,11,10,8,,,,,,,,,,,,,,,,,,,36,,,
mm 148,Ghoul,Medium,Undead,,CE,1,200,13,15,10,7,10,6,,,,,,,,,,,,,,,,,,,22,,,
mm 154,Cloud Giant,Huge,Giant,,NG or NE,9,5000,27,10,22,12,16,16,,,,,,,,,,,,,,,,,,,200,,,
mm 154,Fire Giant,Huge,Giant,,LE,9,5000,25,9,23,10,14,13,,,,,,,,,,,,,,,,,,,162,,,
mm 155,Frost Giant,Huge,Giant,,NE,8,3900,23,9,21,9,10,12,,,,,,,,,,,,,,,,,,,138,,,
mm 155,Hill Giant,Huge,Giant,,CE,5,1800,21,8,19,5,9,6,,,,,,,,,,,,,,,,,,,105,,,
mm 156,Stone Giant,Huge,Giant,,N,7,2900,23,15,20,10,12,9,,,,,,,,,,,,,,,,,,,126,,,
mm 156,Storm Giant,Huge,Giant,,CG,13,10000,29,14,20,16,18,18,,,,,,,,,,,,,,,,,,,230,,,
mm 157,Gibbering Mouther,Medium,Aberration,,N,2,450,10,8,16,3,10,6,,,,,,,,,,,,,,,,,,,67,,,
mm 16,Deva,Medium,Celestial,,LG,10,5900,18,18,18,17,20,20,,,,,,,,,,,,,,,,,,,136,,,
mm 160,Githyanki Knight,Medium,Humanoid,gith,LE,8,3900,15,14,12,13,13,10,,,,,,,,,,,,,,,,,,,49,,,
mm 160,Githyanki Warrior,Medium,Humanoid,gith,LE,3,700,16,14,15,14,14,15,,,,,,,,,,,,,,,,,,,91,,,
mm 161,Githzerai Monk,Medium,Humanoid,gith,LN,2,450,12,15,12,13,14,10,,,,,,,,,,,,,,,,,,,38,,,
mm 161,Githzerai Zerth,Medium,Humanoid,gith,LN,6,2300,13,18,15,16,17,12,,,,,,,,,,,,,,,,,,,84,,,
mm 163,Gnoll,Medium,Humanoid,gnoll,CE,0.50,100,14,12,11,6,10,7,,,,,,,,,,,,,,,,,,,22,,,
mm 163,Gnoll Fang of Yeenoghu,Medium,Fiend,gnoll,CE,4,1100,17,15,15,10,11,13,,,,,,,,,,,,,,,,,,,65,,,
mm 163,Gnoll Pack Lord,Medium,Humanoid,gnoll,CE,2,450,16,14,13,8,11,9,,,,,,,,,,,,,,,,,,,49,,,
mm 164,Svirfneblin,Small,Humanoid,gnome,NG,0.5,100,15,14,14,12,10,9,,,,,,,,,,,,,,,,,,,16,,,
mm 166,Goblin,Small,Humanoid,goblinoid,NE,0.25,50,8,14,10,10,8,8,,,,,,,,,,,,,,,,,,,7,,,
mm 166,Goblin Boss,Small,Humanoid,goblinoid,NE,1,200,10,14,10,10,8,10,,,,,,,,,,,,,,,,,,,21,,,
mm 168,Clay Golem,Large,Construct,,Unaligned,9,5000,20,9,18,3,8,1,,,,,,,,,,,,,,,,,,,133,,,
mm 169,Flesh Golem,Medium,Construct,,N,5,1800,19,9,18,6,10,5,,,,,,,,,,,,,,,,,,,93,,,
mm 17,Planetar,Large,Celestial,,LG,16,15000,24,20,24,19,22,25,,,,,,,,,,,,,,,,,,,200,,,
mm 170,Iron Golem,Large,Construct,,Unaligned,16,15000,24,9,20,3,11,1,,,,,,,,,,,,,,,,,,,210,,,
mm 170,Stone Golem,Large,Construct,,Unaligned,10,5900,22,9,20,3,11,1,,,,,,,,,,,,,,,,,,,178,,,
mm 171,Gorgon,Large,Monstrosity,,Unaligned,5,1800,20,11,18,2,14,7,,,,,,,,,,,,,,,,,,,114,,,
mm 172,Grell,Medium,Aberration,,NE,3,700,15,14,13,12,11,9,,,,,,,,,,,,,,,,,,,55,,,
mm 173,Grick,Medium,Monstrosity,,N,2,450,14,14,11,3,14,5,,,,,,,,,,,,,,,,,,,27,,,
mm 173,Grick Alpha,Large,Monstrosity,,N,7,2900,18,16,15,4,14,9,,,,,,,,,,,,,,,,,,,75,,,
mm 174,Griffon,Large,Monstrosity,,Unaligned,2,450,18,15,16,2,13,8,,,,,,,,,,,,,,,,,,,59,,,
mm 175,Grimlock,Medium,Humanoid,grimlock,NE,0.25,50,16,12,12,9,8,6,,,,,,,,,,,,,,,,,,,11,,,
mm 177,Green Hag,Medium,Fey,,NE,3,700,18,12,16,13,14,14,,,,,,,,,,,,,,,,,,,82,,,
mm 178,Night Hag,Medium,Fiend,,NE,5,1800,18,15,16,16,14,16,,,,,,,,,,,,,,,,,,,112,,,
mm 179,Sea Hag,Medium,Fey,,CE,2,450,16,13,16,12,12,13,,,,,,,,,,,,,,,,,,,52,,,
mm 18,Solar,Large,Celestial,,LG,21,33000,26,22,26,25,25,30,,,,,,,,,,,,,,,,,,,243,,,
mm 180,Half-Red Dragon Veteran,Medium,Humanoid,human,Any,5,1800,16,13,14,10,11,10,,,,,,,,,,,,,,,,,,,65,,,
mm 181,Harpy,Medium,Monstrosity,,CE,1,200,12,13,12,7,10,13,,,,,,,,,,,,,,,,,,,38,,,
mm 182,Hell Hound,Medium,Fiend,,LE,3,700,17,12,14,6,13,6,,,,,,,,,,,,,,,,,,,45,,,
mm 183,Helmed Horror,Medium,Construct,,N,4,1100,18,13,16,10,10,10,,,,,,,,,,,,,,,,,,,60,,,
mm 184,Hippogriff,Large,Monstrosity,,Unaligned,1,200,17,13,13,2,12,8,,,,,,,,,,,,,,,,,,,19,,,
mm 186,Hobgoblin,Medium,Humanoid,goblinoid,LE,0.5,100,13,12,12,10,10,9,,,,,,,,,,,,,,,,,,,11,,,
mm 186,Hobgoblin Captain,Medium,Humanoid,goblinoid,LE,3,700,15,14,14,12,10,13,,,,,,,,,,,,,,,,,,,39,,,
mm 187,Hobgoblin Warlord,Medium,Humanoid,goblinoid,LE,6,2300,16,14,16,14,11,15,,,,,,,,,,,,,,,,,,,97,,,
mm 188,Homunculus,Tiny,Construct,,N,0,10,4,15,11,10,10,7,,,,,,,,,,,,,,,,,,,5,,,
mm 189,Hook Horror,Large,Monstrosity,,N,3,700,18,10,15,6,12,7,,,,,,,,,,,,,,,,,,,75,,,
mm 19,Animated Armor,Medium,Construct,,Unaligned,1,200,14,11,13,1,3,1,,,,,,,,,,,,,,,,,,,33,,,
mm 190,Hydra,Huge,Monstrosity,,Unaligned,8,3900,20,12,20,2,10,7,,,,,,,,,,,,,,,,,,,172,,,
mm 191,Intellect Devourer,Tiny,Aberration,,LE,2,450,6,14,13,12,11,10,,,,,,,,,,,,,,,,,,,21,,,
mm 192,Invisible Stalker,Medium,Elemental,,N,6,2300,16,19,14,10,15,11,,,,,,,,,,,,,,,,,,,104,,,
mm 193,Jackalwere,Medium,Humanoid,shapechanger,CE,0.5,100,11,15,11,13,11,10,,,,,,,,,,,,,,,,,,,18,,,
mm 194,Kenku,Medium,Humanoid,kenku,CN,0.25,50,10,16,10,11,10,10,,,,,,,,,,,,,,,,,,,13,,,
mm 195,Kobold,Small,Humanoid,kobold,LE,0.125,25,7,15,9,8,7,8,,,,,,,,,,,,,,,,,,,5,,,
mm 195,Winged Kobold,Small,Humanoid,kobold,LE,0.25,50,7,16,9,8,7,8,,,,,,,,,,,,,,,,,,,7,,,
mm 197,Kraken,Gargantuan,Monstrosity,titan,CE,23,50000,30,11,25,22,18,20,,,,,,,,,,,,,,,,,,,472,,,
mm 199,Kuo-toa,Medium,Humanoid,kuo-toa,NE,0.25,50,13,10,11,11,10,8,,,,,,,,,,,,,,,,,,,18,,,
mm 20,Flying Sword,Small,Construct,,Unaligned,0.25,50,12,15,11,1,5,1,,,,,,,,,,,,,,,,,,,17,,,
mm 20,Rug of Smothering,Large,Construct,,Unaligned,2,450,17,14,10,1,3,1,,,,,,,,,,,,,,,,,,,33,,,
mm 200,Kuo-toa Archpriest,Medium,Humanoid,kuo-toa,NE,6,2300,16,14,16,13,16,14,,,,,,,,,,,,,,,,,,,97,,,
mm 200,Kuo-toa Whip,Medium,Humanoid,kuo-toa,NE,1,200,14,10,14,12,14,11,,,,,,,,,,,,,,,,,,,65,,,
mm 201,Lamia,Large,Monstrosity,,CE,4,1100,16,13,15,14,15,16,,,,,,,,,,,,,,,,,,,97,,,
mm 202,Lich,Medium,Undead,,Any evil,21,33000,11,16,16,20,14,16,,,,,,,,,,,,,,,,,,,135,,,
mm 202,Lich (in lair),Medium,Undead,,Any evil,22,41000,11,16,16,20,14,16,,,,,,,,,,,,,,,,,,,135,,,
mm 204,Lizardfolk,Medium,Humanoid,lizardfolk,N,0.5,100,15,10,13,7,12,7,,,,,,,,,,,,,,,,,,,22,,,
mm 205,Lizard King/Queen,Medium,Humanoid,lizardfolk,CE,4,1100,17,12,15,11,11,15,,,,,,,,,,,,,,,,,,,78,,,
mm 205,Lizardfolk Shaman,Medium,Humanoid,lizardfolk,N,2,450,15,10,13,10,15,8,,,,,,,,,,,,,,,,,,,27,,,
mm 208,Werebear,Medium,Humanoid,"human, shapechanger",NG,5,1800,19,10,17,11,12,12,,,,,,,,,,,,,,,,,,,135,,,
mm 209,Wereboar,Medium,Humanoid,"human, shapechanger",NE,4,1100,17,10,15,10,11,8,,,,,,,,,,,,,,,,,,,75,,,
mm 209,Wererat,Medium,Humanoid,"human, shapechanger",LE,2,450,10,15,12,11,10,8,,,,,,,,,,,,,,,,,,,33,,,
mm 21,Ankheg,Large,Monstrosity,,Unaligned,2,450,17,11,13,1,13,6,,,,,,,,,,,,,,,,,,,39,,,
mm 210,Weretiger,Medium,Humanoid,"human, shapechanger",N,4,1100,17,15,16,10,13,11,,,,,,,,,,,,,,,,,,,120,,,
mm 211,Werewolf,Medium,Humanoid,"human, shapechanger",CE,3,700,15,13,14,10,11,10,,,,,,,,,,,,,,,,,,,58,,,
mm 212,Magmin,Small,Elemental,,CN,0.5,100,7,15,12,8,11,10,,,,,,,,,,,,,,,,,,,9,,,
mm 213,Manticore,Large,Monstrosity,,LE,3,700,17,16,17,7,12,8,,,,,,,,,,,,,,,,,,,68,,,
mm 214,Medusa,Medium,Monstrosity,,LE,6,2300,10,15,16,12,13,15,,,,,,,,,,,,,,,,,,,127,,,
mm 215,Dust Mephit,Small,Elemental,,NE,0.5,100,5,14,10,9,11,10,,,,,,,,,,,,,,,,,,,17,,,
mm 215,Ice Mephit,Small,Elemental,,NE,0.5,100,7,13,10,9,11,12,,,,,,,,,,,,,,,,,,,21,,,
mm 216,Magma Mephit,Small,Elemental,,NE,0.5,100,8,12,12,7,10,10,,,,,,,,,,,,,,,,,,,22,,,
mm 216,Mud Mephit,Small,Elemental,,NE,0.25,50,8,12,12,9,11,7,,,,,,,,,,,,,,,,,,,27,,,
mm 217,Smoke Mephit,Small,Elemental,,NE,0.25,50,6,14,12,10,10,11,,,,,,,,,,,,,,,,,,,22,,,
mm 217,Steam Mephit,Small,Elemental,,NE,0.25,50,5,11,10,11,10,12,,,,,,,,,,,,,,,,,,,21,,,
mm 218,Merfolk,Medium,Humanoid,merfolk,N,0.125,25,10,13,12,11,11,12,,,,,,,,,,,,,,,,,,,11,,,
mm 219,Merrow,Large,Monstrosity,,CE,2,450,18,10,15,8,10,9,,,,,,,,,,,,,,,,,,,45,,,
mm 22,Azer,Medium,Elemental,,LN,2,450,17,12,15,12,13,10,,,,,,,,,,,,,,,,,,,39,,,
mm 220,Mimic,Medium,Monstrosity,shapechanger,N,2,450,17,12,15,5,13,8,,,,,,,,,,,,,,,,,,,58,,,
mm 222,Mind Flayer,Medium,Aberration,,LE,7,2900,11,12,12,19,17,17,,,,,,,,,,,,,,,,,,,71,,,
mm 222,Mind Flayer Arcanist,Medium,Aberration,,LE,8,3900,11,12,12,19,17,17,,,,,,,,,,,,,,,,,,,71,,,
mm 223,Minotaur,Large,Monstrosity,,CE,3,700,18,11,16,6,16,9,,,,,,,,,,,,,,,,,,,76,,,
mm 224,Monodrone,Medium,Construct,,LN,0.125,25,10,13,12,4,10,5,,,,,,,,,,,,,,,,,,,5,,,
mm 225,Duodrone,Medium,Construct,,LN,0.25,50,11,13,12,6,10,7,,,,,,,,,,,,,,,,,,,11,,,
mm 225,Tridrone,Medium,Construct,,LN,0.5,100,12,13,12,9,10,9,,,,,,,,,,,,,,,,,,,16,,,
mm 226,Pentadrone,Large,Construct,,LN,2,450,15,14,12,10,10,13,,,,,,,,,,,,,,,,,,,32,,,
mm 226,Quadrone,Medium,Construct,,LN,1,200,12,14,12,10,10,11,,,,,,,,,,,,,,,,,,,22,,,
mm 228,Mummy,Medium,Undead,,LE,3,700,16,8,15,6,10,12,,,,,,,,,,,,,,,,,,,58,,,
mm 229,Mummy Lord,Medium,Undead,,LE,15,13000,18,10,17,11,18,16,,,,,,,,,,,,,,,,,,,97,,,
mm 229,Mummy Lord (in lair),Medium,Undead,,LE,16,15000,18,10,17,11,18,16,,,,,,,,,,,,,,,,,,,97,,,
mm 23,Banshee,Medium,Undead,,CE,4,1100,1,14,10,12,11,17,,,,,,,,,,,,,,,,,,,58,,,
mm 230,Myconid Sprout,Small,Plant,,LN,0,10,8,10,10,8,11,5,,,,,,,,,,,,,,,,,,,7,,,
mm 230,Quaggoth Spore Servant,Medium,Plant,,Unaligned,1,200,17,12,16,2,6,1,,,,,,,,,,,,,,,,,,,45,,,
mm 232,Myconid Adult,Medium,Plant,,LN,0.5,100,10,10,12,10,13,7,,,,,,,,,,,,,,,,,,,22,,,
mm 232,Myconid Sovereign,Large,Plant,,LN,2,450,12,10,14,13,15,10,,,,,,,,,,,,,,,,,,,60,,,
mm 233,Bone Naga,Large,Undead,,LE,4,1100,15,16,12,15,15,16,,,,,,,,,,,,,,,,,,,58,,,
mm 234,Guardian Naga,Large,Monstrosity,,LG,10,5900,19,18,16,16,19,18,,,,,,,,,,,,,,,,,,,127,,,
mm 234,Spirit Naga,Large,Monstrosity,,CE,8,3900,18,17,14,16,15,16,,,,,,,,,,,,,,,,,,,75,,,
mm 235,Nightmare,Large,Fiend,,NE,3,700,18,15,16,10,13,15,,,,,,,,,,,,,,,,,,,68,,,
mm 236,Nothic,Medium,Aberration,,NE,2,450,14,16,16,13,10,8,,,,,,,,,,,,,,,,,,,45,,,
mm 237,Ogre,Large,Giant,,CE,2,450,19,8,16,5,7,7,,,,,,,,,,,,,,,,,,,59,,,
mm 238,Half-ogre,Large,Giant,,Any chaotic,1,200,17,10,14,7,9,10,,,,,,,,,,,,,,,,,,,30,,,
mm 239,Oni,Large,Giant,,LE,7,2900,19,11,16,14,12,15,,,,,,,,,,,,,,,,,,,110,,,
mm 24,Basilisk,Medium,Monstrosity,,Unaligned,3,700,16,8,15,2,8,7,,,,,,,,,,,,,,,,,,,52,,,
mm 241,Black Pudding,Large,Ooze,,Unaligned,4,1100,16,5,16,1,6,1,,,,,,,,,,,,,,,,,,,85,,,
mm 242,Gelatinous Cube,Large,Ooze,,Unaligned,2,450,14,3,20,1,6,1,,,,,,,,,,,,,,,,,,,84,,,
mm 243,Gray Ooze,Medium,Ooze,,Unaligned,0.5,100,12,6,16,1,6,2,,,,,,,,,,,,,,,,,,,22,,,
mm 243,Ochre Jelly,Large,Ooze,,Unaligned,2,450,15,6,14,2,6,1,,,,,,,,,,,,,,,,,,,45,,,
mm 246,Orc,Medium,Humanoid,orc,CE,0.5,100,16,12,16,7,11,10,,,,,,,,,,,,,,,,,,,15,,,
mm 246,Orc War Chief,Medium,Humanoid,orc,CE,4,1100,18,12,18,11,11,16,,,,,,,,,,,,,,,,,,,93,,,
mm 247,Orc Eye of Gruumsh,Medium,Humanoid,orc,CE,2,450,16,12,16,9,13,12,,,,,,,,,,,,,,,,,,,45,,,
mm 247,Orog,Medium,Humanoid,orc,CE,2,450,18,12,18,12,11,12,,,,,,,,,,,,,,,,,,,42,,,
mm 248,Otyugh,Large,Aberration,,N,5,1800,16,11,19,6,13,6,,,,,,,,,,,,,,,,,,,114,,,
mm 249,Owlbear,Large,Monstrosity,,Unaligned,3,700,20,12,17,3,12,7,,,,,,,,,,,,,,,,,,,59,,,
mm 25,Behir,Huge,Monstrosity,,NE,11,7200,23,16,18,7,14,12,,,,,,,,,,,,,,,,,,,168,,,
mm 250,Pegasus,Large,Celestial,,CG,2,450,18,15,16,10,15,13,,,,,,,,,,,,,,,,,,,59,,,
mm 251,Peryton,Medium,Monstrosity,,CE,2,450,16,12,13,9,12,10,,,,,,,,,,,,,,,,,,,33,,,
mm 252,Piercer,Medium,Monstrosity,,Unaligned,0.5,100,10,13,16,1,7,3,,,,,,,,,,,,,,,,,,,22,,,
mm 253,Pixie,Tiny,Fey,,NG,0.25,50,2,20,8,10,14,15,,,,,,,,,,,,,,,,,,,1,,,
mm 254,Pseudodragon,Tiny,Dragon,,NG,0.25,50,6,15,13,10,12,10,,,,,,,,,,,,,,,,,,,7,,,
mm 255,Purple Worm,Gargantuan,Monstrosity,,Unaligned,15,13000,28,7,22,1,8,4,,,,,,,,,,,,,,,,,,,247,,,
mm 256,Quaggoth,Medium,Humanoid,quaggoth,CN,2,450,17,12,16,6,12,7,,,,,,,,,,,,,,,,,,,45,,,
mm 256,Quaggoth Thonot,Medium,Humanoid,quaggoth,CN,3,700,17,12,16,6,12,7,,,,,,,,,,,,,,,,,,,45,,,
mm 257,Rakshasa,Medium,Fiend,,LE,13,10000,14,17,18,13,16,20,,,,,,,,,,,,,,,,,,,110,,,
mm 258,Remorhaz,Huge,Monstrosity,,Unaligned,11,7200,24,13,21,4,10,5,,,,,,,,,,,,,,,,,,,195,,,
mm 258,Young Remorhaz,Large,Monstrosity,,Unaligned,5,1800,18,13,17,3,10,4,,,,,,,,,,,,,,,,,,,93,,,
mm 259,Revenant,Medium,Undead,,N,5,1800,18,14,18,13,16,18,,,,,,,,,,,,,,,,,,,136,,,
mm 260,Roc,Gargantuan,Monstrosity,,Unaligned,11,7200,28,10,20,3,10,9,,,,,,,,,,,,,,,,,,,248,,,
mm 261,Roper,Large,Monstrosity,,NE,5,1800,18,8,17,7,16,6,,,,,,,,,,,,,,,,,,,93,,,
mm 262,Rust Monster,Medium,Monstrosity,,Unaligned,0.5,100,13,12,13,2,13,6,,,,,,,,,,,,,,,,,,,27,,,
mm 263,Sahuagin,Medium,Humanoid,sahuagin,LE,0.5,100,13,11,12,12,13,9,,,,,,,,,,,,,,,,,,,22,,,
mm 264,Sahuagin Baron,Large,Humanoid,sahuagin,LE,5,1800,13,11,12,12,14,13,,,,,,,,,,,,,,,,,,,33,,,
mm 264,Sahuagin Priestess,Medium,Humanoid,sahuagin,LE,2,450,19,15,16,14,13,17,,,,,,,,,,,,,,,,,,,76,,,
mm 265,Fire Snake,Medium,Elemental,,NE,1,200,12,14,11,7,10,8,,,,,,,,,,,,,,,,,,,22,,,
mm 266,Salamander,Large,Elemental,,NE,5,1800,18,14,15,11,10,12,,,,,,,,,,,,,,,,,,,90,,,
mm 267,Satyr,Medium,Fey,,CN,0.5,100,12,16,11,12,10,14,,,,,,,,,,,,,,,,,,,31,,,
mm 268,Scarecrow,Medium,Construct,,CE,1,200,11,13,11,10,10,13,,,,,,,,,,,,,,,,,,,36,,,
mm 269,Shadow,Medium,Undead,,CE,0.5,100,6,14,13,6,10,8,,,,,,,,,,,,,,,,,,,16,,,
mm 270,Shambling Mound,Large,Plant,,Unaligned,5,1800,18,8,16,5,10,5,,,,,,,,,,,,,,,,,,,136,,,
mm 271,Shield Guardian,Large,Construct,,Unaligned,7,2900,18,8,18,7,10,3,,,,,,,,,,,,,,,,,,,142,,,
mm 272,Skeleton,Medium,Undead,,LE,0.25,50,10,14,15,6,8,5,,,,,,,,,,,,,,,,,,,13,,,
mm 273,Minotaur Skeleton,Large,Undead,,LE,2,450,18,11,15,6,8,5,,,,,,,,,,,,,,,,,,,67,,,
mm 273,Warhorse Skeleton,Large,Undead,,LE,0.5,100,18,12,15,2,8,5,,,,,,,,,,,,,,,,,,,22,,,
mm 276,Blue Slaad,Large,Aberration,,CN,7,2900,20,15,18,7,7,9,,,,,,,,,,,,,,,,,,,123,,,
mm 276,Red Slaad,Large,Aberration,,CN,5,1800,16,12,16,6,6,7,,,,,,,,,,,,,,,,,,,93,,,
mm 276,Slaad Tadpole,Tiny,Aberration,,CN,0.125,25,7,15,10,3,5,3,,,,,,,,,,,,,,,,,,,10,,,
mm 277,Gray Slaad,Medium,Aberration,shapechanger,CN,9,5000,17,17,16,13,8,14,,,,,,,,,,,,,,,,,,,127,,,
mm 277,Green Slaad,Large,Aberration,shapechanger,CN,8,3900,18,15,16,11,8,12,,,,,,,,,,,,,,,,,,,127,,,
mm 278,Death Slaad,Medium,Aberration,shapechanger,CE,10,5900,20,15,19,15,10,16,,,,,,,,,,,,,,,,,,,170,,,
mm 279,Specter,Medium,Undead,,CE,1,200,1,14,11,10,10,11,,,,,,,,,,,,,,,,,,,22,,,
mm 279,Specter (poltergeist),Medium,Undead,,CE,2,450,1,14,11,10,10,11,,,,,,,,,,,,,,,,,,,22,,,
mm 28,Beholder,Large,Aberration,,LE,13,10000,10,14,18,17,15,17,,,,,,,,,,,,,,,,,,,180,,,
mm 28,Beholder (in lair),Large,Aberration,,LE,14,11500,10,14,18,17,15,17,,,,,,,,,,,,,,,,,,,180,,,
mm 281,Androsphinx,Large,Monstrosity,,LN,17,18000,22,10,20,16,18,23,,,,,,,,,,,,,,,,,,,199,,,
mm 282,Gynosphinx,Large,Monstrosity,,LN,11,7200,18,15,16,18,18,18,,,,,,,,,,,,,,,,,,,136,,,
mm 283,Sprite,Tiny,Fey,,NG,0.25,50,3,18,10,14,13,11,,,,,,,,,,,,,,,,,,,2,,,
mm 284,Stirge,Tiny,Beast,,Unaligned,0.125,25,4,16,11,2,8,6,,,,,,,,,,,,,,,,,,,2,,,
mm 285,Incubus,Medium,Fiend,shapechanger,NE,4,1100,8,17,13,15,12,20,,,,,,,,,,,,,,,,,,,66,,,
mm 285,Succubus,Medium,Fiend,shapechanger,NE,4,1100,8,17,13,15,12,20,,,,,,,,,,,,,,,,,,,66,,,
mm 286,Tarrasque,Gargantuan,Monstrosity,titan,Unaligned,30,155000,30,11,30,3,11,11,,,,,,,,,,,,,,,,,,,676,,,
mm 288,Thri-kreen,Medium,Humanoid,thri-kreen,CN,1,200,12,15,13,8,12,7,,,,,,,,,,,,,,,,,,,33,,,
mm 289,Treant,Huge,Plant,,CG,9,5000,23,8,21,12,16,12,,,,,,,,,,,,,,,,,,,138,,,
mm 29,Death Tyrant,Large,Undead,,LE,14,11500,10,14,14,19,15,19,,,,,,,,,,,,,,,,,,,187,,,
mm 29,Death Tyrant (in lair),Large,Undead,,LE,15,13000,10,14,14,19,15,19,,,,,,,,,,,,,,,,,,,187,,,
mm 290,Troglodyte,Medium,Humanoid,troglodyte,CE,0.25,50,14,10,14,6,10,6,,,,,,,,,,,,,,,,,,,13,,,
mm 291,Troll,Large,Giant,,CE,5,1800,18,13,20,7,9,7,,,,,,,,,,,,,,,,,,,84,,,
mm 292,Umber Hulk,Large,Monstrosity,,CE,5,1800,20,13,16,9,10,10,,,,,,,,,,,,,,,,,,,93,,,
mm 294,Unicorn,Large,Celestial,,LG,5,1800,18,14,15,11,17,16,,,,,,,,,,,,,,,,,,,67,,,
mm 297,Vampire,Medium,Undead,shapechanger,LE,13,10000,18,18,18,17,15,18,,,,,,,,,,,,,,,,,,,144,,,
mm 297,Vampire (spellcaster),Medium,Undead,shapechanger,LE,15,13000,18,18,18,17,15,18,,,,,,,,,,,,,,,,,,,144,,,
mm 297,Vampire (warrior),Medium,Undead,shapechanger,LE,15,13000,18,18,18,17,15,18,,,,,,,,,,,,,,,,,,,144,,,
mm 298,Vampire Spawn,Medium,Undead,,NE,5,1800,16,16,16,11,10,12,,,,,,,,,,,,,,,,,,,82,,,
mm 299,Water Weird,Large,Elemental,,N,3,700,17,16,13,11,10,10,,,,,,,,,,,,,,,,,,,58,,,
mm 30,Spectator,Medium,Aberration,,LN,3,700,8,14,14,13,14,11,,,,,,,,,,,,,,,,,,,39,,,
mm 300,Wight,Medium,Undead,,NE,3,700,15,14,16,10,13,15,,,,,,,,,,,,,,,,,,,45,,,
mm 301,Will-o-wisp,Tiny,Undead,,CE,2,450,1,28,10,13,14,11,,,,,,,,,,,,,,,,,,,22,,,
mm 302,Wraith,Medium,Undead,,NE,5,1800,6,16,16,12,14,15,,,,,,,,,,,,,,,,,,,67,,,
mm 303,Wyvern,Large,Dragon,,Unaligned,6,2300,19,10,16,5,12,6,,,,,,,,,,,,,,,,,,,110,,,
mm 304,Xorn,Medium,Elemental,,N,5,1800,17,10,22,11,10,11,,,,,,,,,,,,,,,,,,,73,,,
mm 305,Yeti,Large,Monstrosity,,CE,3,700,18,13,16,8,12,7,,,,,,,,,,,,,,,,,,,51,,,
mm 306,Abominable Yeti,Huge,Monstrosity,,CE,9,5000,24,10,22,9,13,9,,,,,,,,,,,,,,,,,,,137,,,
mm 308,Yuan-ti Abomination,Large,Monstrosity,"shapechanger, yuan-ti",NE,7,2900,19,16,17,17,15,18,,,,,,,,,,,,,,,,,,,127,,,
mm 309,Yuan-ti Malison,Medium,Monstrosity,"shapechanger, yuan-ti",NE,3,700,16,14,13,14,12,16,,,,,,,,,,,,,,,,,,,66,,,
mm 310,Yuan-ti Pureblood,Medium,Humanoid,yuan-ti,NE,1,200,11,12,11,13,12,14,,,,,,,,,,,,,,,,,,,40,,,
mm 313,Arcanaloth,Medium,Fiend,yugoloth,NE,12,8400,17,12,14,20,16,17,,,,,,,,,,,,,,,,,,,104,,,
mm 313,Mezzoloth,Medium,Fiend,yugoloth,NE,5,1800,18,11,16,7,10,11,,,,,,,,,,,,,,,,,,,75,,,
mm 314,Nycaloth,Large,Fiend,yugoloth,NE,9,5000,20,11,19,12,10,15,,,,,,,,,,,,,,,,,,,123,,,
mm 314,Ultroloth,Medium,Fiend,yugoloth,NE,13,10000,16,16,18,18,15,19,,,,,,,,,,,,,,,,,,,153,,,
mm 316,Beholder Zombie,Large,Undead,,NE,5,1800,10,8,16,3,8,5,,,,,,,,,,,,,,,,,,,93,,,
mm 316,Ogre Zombie,Large,Undead,,NE,2,450,13,6,16,3,6,5,,,,,,,,,,,,,,,,,,,22,,,
mm 316,Zombie,Medium,Undead,,NE,0.25,50,19,6,18,3,6,5,,,,,,,,,,,,,,,,,,,85,,,
mm 317,Ape,Medium,Beast,,Unaligned,0.5,100,16,14,14,6,12,7,,,,,,,,,,,,,,,,,,,19,,,
mm 317,Awakened Shrub,Small,Plant,,Unaligned,0,10,19,6,15,10,10,7,,,,,,,,,,,,,,,,,,,59,,,
mm 317,Awakened Tree,Huge,Plant,,Unaligned,2,450,3,8,11,10,10,6,,,,,,,,,,,,,,,,,,,10,,,
mm 317,Axe Beak,Large,Beast,,Unaligned,0.25,50,14,12,12,2,10,5,,,,,,,,,,,,,,,,,,,19,,,
mm 318,Baboon,Small,Beast,,Unaligned,0,10,8,14,11,4,12,6,,,,,,,,,,,,,,,,,,,3,,,
mm 318,Badger,Tiny,Beast,,Unaligned,0,10,4,11,12,2,12,5,,,,,,,,,,,,,,,,,,,3,,,
mm 318,Bat,Tiny,Beast,,Unaligned,0,10,2,15,8,2,12,4,,,,,,,,,,,,,,,,,,,1,,,
mm 318,Black Bear,Medium,Beast,,Unaligned,0.5,100,15,10,14,2,12,7,,,,,,,,,,,,,,,,,,,19,,,
mm 318,Blink Dog,Medium,Fey,,LG,0.25,50,12,17,12,10,13,11,,,,,,,,,,,,,,,,,,,22,,,
mm 319,Blood Hawk,Small,Beast,,Unaligned,0.125,25,6,14,10,3,14,5,,,,,,,,,,,,,,,,,,,7,,,
mm 319,Boar,Medium,Beast,,Unaligned,0.25,50,13,11,12,2,9,5,,,,,,,,,,,,,,,,,,,11,,,
mm 319,Brown Bear,Large,Beast,,Unaligned,1,200,19,10,16,2,13,7,,,,,,,,,,,,,,,,,,,34,,,
mm 32,Needle Blight,Medium,Plant,,NE,0.25,50,12,12,13,4,8,3,,,,,,,,,,,,,,,,,,,11,,,
mm 32,Twig Blight,Small,Plant,,NE,0.125,25,6,13,12,4,8,3,,,,,,,,,,,,,,,,,,,4,,,
mm 32,Vine Blight,Medium,Plant,,NE,0.5,100,15,8,14,5,10,3,,,,,,,,,,,,,,,,,,,26,,,
mm 320,Camel,Large,Beast,,Unaligned,0.125,25,16,8,14,2,8,5,,,,,,,,,,,,,,,,,,,15,,,
mm 320,Cat,Tiny,Beast,,Unaligned,0,10,3,15,10,3,12,7,,,,,,,,,,,,,,,,,,,2,,,
mm 320,Constrictor Snake,Large,Beast,,Unaligned,0.25,50,15,14,12,1,10,3,,,,,,,,,,,,,,,,,,,13,,,
mm 320,Crab,Tiny,Beast,,Unaligned,0,10,2,11,10,1,8,2,,,,,,,,,,,,,,,,,,,2,,,
mm 320,Crocodile,Large,Beast,,Unaligned,0.5,100,15,10,13,2,10,5,,,,,,,,,,,,,,,,,,,19,,,
mm 321,Death Dog,Medium,Monstrosity,,NE,1,200,15,14,14,3,13,6,,,,,,,,,,,,,,,,,,,39,,,
mm 321,Deer,Medium,Beast,,Unaligned,0,10,11,16,11,2,14,5,,,,,,,,,,,,,,,,,,,4,,,
mm 321,Dire Wolf,Large,Beast,,Unaligned,1,200,17,15,15,3,12,7,,,,,,,,,,,,,,,,,,,37,,,
mm 321,Draft Horse,Large,Beast,,Unaligned,0.25,50,18,10,12,2,11,7,,,,,,,,,,,,,,,,,,,19,,,
mm 322,Eagle,Small,Beast,,Unaligned,0,10,6,15,10,2,14,7,,,,,,,,,,,,,,,,,,,3,,,
mm 322,Elephant,Huge,Beast,,Unaligned,4,1100,22,9,17,3,11,6,,,,,,,,,,,,,,,,,,,76,,,
mm 322,Elk,Large,Beast,,Unaligned,0.25,50,16,10,12,2,10,6,,,,,,,,,,,,,,,,,,,13,,,
mm 322,Flying Snake,Tiny,Beast,,Unaligned,0.125,25,4,18,11,2,12,5,,,,,,,,,,,,,,,,,,,5,,,
mm 322,Frog,Tiny,Beast,,Unaligned,0,0,1,13,8,1,8,3,,,,,,,,,,,,,,,,,,,1,,,
mm 323,Giant Ape,Huge,Beast,,Unaligned,7,2900,23,14,18,7,12,7,,,,,,,,,,,,,,,,,,,157,,,
mm 323,Giant Badger,Medium,Beast,,Unaligned,0.25,50,13,10,15,2,12,5,,,,,,,,,,,,,,,,,,,13,,,
mm 323,Giant Bat,Large,Beast,,Unaligned,0.25,50,15,16,11,2,12,6,,,,,,,,,,,,,,,,,,,22,,,
mm 323,Giant Boar,Large,Beast,,Unaligned,2,450,17,10,16,2,7,5,,,,,,,,,,,,,,,,,,,42,,,
mm 323,Giant Centipede,Small,Beast,,Unaligned,0.25,50,5,14,12,1,7,3,,,,,,,,,,,,,,,,,,,4,,,
mm 324,Giant Constrictor Snake,Huge,Beast,,Unaligned,2,450,19,14,12,1,10,3,,,,,,,,,,,,,,,,,,,60,,,
mm 324,Giant Crab,Medium,Beast,,Unaligned,0.125,25,13,15,11,1,9,3,,,,,,,,,,,,,,,,,,,13,,,
mm 324,Giant Crocodile,Huge,Beast,,Unaligned,5,1800,21,9,17,2,10,7,,,,,,,,,,,,,,,,,,,85,,,
mm 324,Giant Eagle,Large,Beast,,NG,1,200,16,17,13,8,14,10,,,,,,,,,,,,,,,,,,,28,,,
mm 325,Giant Elk,Huge,Beast,,Unaligned,2,450,19,16,14,7,14,10,,,,,,,,,,,,,,,,,,,42,,,
mm 325,Giant Fire Beetle,Small,Beast,,Unaligned,0,10,8,10,12,1,7,3,,,,,,,,,,,,,,,,,,,4,,,
mm 325,Giant Frog,Medium,Beast,,Unaligned,0.25,50,12,13,11,2,10,3,,,,,,,,,,,,,,,,,,,18,,,
mm 326,Giant Goat,Large,Beast,,Unaligned,0.5,100,17,11,12,3,12,6,,,,,,,,,,,,,,,,,,,19,,,
mm 326,Giant Hyena,Large,Beast,,Unaligned,1,200,16,14,14,2,12,7,,,,,,,,,,,,,,,,,,,45,,,
mm 326,Giant Lizard,Large,Beast,,Unaligned,0.25,50,15,12,13,2,10,5,,,,,,,,,,,,,,,,,,,19,,,
mm 326,Giant Octopus,Large,Beast,,Unaligned,1,200,17,13,13,4,10,4,,,,,,,,,,,,,,,,,,,52,,,
mm 327,Giant Owl,Large,Beast,,N,0.25,50,13,15,12,8,13,10,,,,,,,,,,,,,,,,,,,19,,,
mm 327,Giant Poisonous Snake,Medium,Beast,,Unaligned,0.25,50,10,18,13,2,10,3,,,,,,,,,,,,,,,,,,,11,,,
mm 327,Giant Rat,Small,Beast,,Unaligned,0.125,25,7,15,11,2,10,4,,,,,,,,,,,,,,,,,,,7,,,
mm 327,Giant Scorpion,Large,Beast,,Unaligned,3,700,15,13,15,1,9,3,,,,,,,,,,,,,,,,,,,52,,,
mm 328,Giant Sea Horse,Large,Beast,,Unaligned,0.5,100,12,15,11,2,12,5,,,,,,,,,,,,,,,,,,,16,,,
mm 328,Giant Shark,Huge,Beast,,Unaligned,5,1800,23,11,21,1,10,5,,,,,,,,,,,,,,,,,,,126,,,
mm 328,Giant Spider,Large,Beast,,Unaligned,1,200,14,16,12,2,11,4,,,,,,,,,,,,,,,,,,,26,,,
mm 329,Giant Toad,Large,Beast,,Unaligned,1,200,15,13,13,2,10,3,,,,,,,,,,,,,,,,,,,39,,,
mm 329,Giant Vulture,Large,Beast,,NE,1,200,15,10,15,6,12,7,,,,,,,,,,,,,,,,,,,22,,,
mm 329,Giant Wasp,Medium,Beast,,Unaligned,0.5,100,10,14,10,1,10,3,,,,,,,,,,,,,,,,,,,13,,,
mm 329,Giant Weasel,Medium,Beast,,Unaligned,0.125,25,11,16,10,4,12,5,,,,,,,,,,,,,,,,,,,9,,,
mm 33,Bugbear,Medium,Humanoid,goblinoid,CE,1,200,15,14,13,8,11,9,,,,,,,,,,,,,,,,,,,27,,,
mm 33,Bugbear Chief,Medium,Humanoid,goblinoid,CE,3,700,17,14,14,11,12,11,,,,,,,,,,,,,,,,,,,65,,,
mm 330,Giant Wolf Spider,Medium,Beast,,Unaligned,0.25,50,12,16,13,3,12,4,,,,,,,,,,,,,,,,,,,11,,,
mm 330,Goat,Medium,Beast,,Unaligned,0,10,12,10,11,2,10,5,,,,,,,,,,,,,,,,,,,4,,,
mm 330,Hawk,Tiny,Beast,,Unaligned,0,10,5,16,8,2,14,6,,,,,,,,,,,,,,,,,,,1,,,
mm 330,Hunter Shark,Large,Beast,,Unaligned,2,450,18,13,15,1,10,4,,,,,,,,,,,,,,,,,,,45,,,
mm 331,Hyena,Medium,Beast,,Unaligned,0,10,11,13,12,2,12,5,,,,,,,,,,,,,,,,,,,5,,,
mm 331,Jackal,Small,Beast,,Unaligned,0,10,8,15,11,3,12,6,,,,,,,,,,,,,,,,,,,3,,,
mm 331,Killer Whale,Huge,Beast,,Unaligned,3,700,19,10,13,3,12,7,,,,,,,,,,,,,,,,,,,90,,,
mm 331,Lion,Large,Beast,,Unaligned,1,200,17,15,13,3,12,8,,,,,,,,,,,,,,,,,,,26,,,
mm 332,Lizard,Tiny,Beast,,Unaligned,0,10,2,11,10,1,8,3,,,,,,,,,,,,,,,,,,,2,,,
mm 332,Mammoth,Huge,Beast,,Unaligned,6,2300,24,9,21,3,11,6,,,,,,,,,,,,,,,,,,,126,,,
mm 332,Mastiff,Medium,Beast,,Unaligned,0.125,25,13,14,12,3,12,7,,,,,,,,,,,,,,,,,,,5,,,
mm 333,Mule,Medium,Beast,,Unaligned,0.125,25,14,10,13,2,10,5,,,,,,,,,,,,,,,,,,,11,,,
mm 333,Octopus,Small,Beast,,Unaligned,0,10,4,15,11,3,10,4,,,,,,,,,,,,,,,,,,,3,,,
mm 333,Owl,Tiny,Beast,,Unaligned,0,10,3,13,8,2,12,7,,,,,,,,,,,,,,,,,,,1,,,
mm 333,Panther,Medium,Beast,,Unaligned,0.25,50,14,15,10,3,4,7,,,,,,,,,,,,,,,,,,,13,,,
mm 334,Cave Bear,Large,Beast,,Unaligned,2,450,20,10,16,2,13,7,,,,,,,,,,,,,,,,,,,42,,,
mm 334,Phase Spider,Large,Monstrosity,,Unaligned,3,700,15,15,12,6,10,6,,,,,,,,,,,,,,,,,,,32,,,
mm 334,Poisonous Snake,Tiny,Beast,,Unaligned,0.125,25,2,16,11,1,10,3,,,,,,,,,,,,,,,,,,,2,,,
mm 334,Polar Bear,Large,Beast,,Unaligned,2,450,20,10,16,2,13,7,,,,,,,,,,,,,,,,,,,42,,,
mm 335,Pony,Medium,Beast,,Unaligned,0.125,25,15,10,13,2,11,7,,,,,,,,,,,,,,,,,,,11,,,
mm 335,Quipper,Tiny,Beast,,Unaligned,0,10,2,16,9,1,7,2,,,,,,,,,,,,,,,,,,,1,,,
mm 335,Rat,Tiny,Beast,,Unaligned,0,10,2,11,9,2,10,4,,,,,,,,,,,,,,,,,,,1,,,
mm 335,Raven,Tiny,Beast,,Unaligned,0,10,2,14,8,2,12,6,,,,,,,,,,,,,,,,,,,1,,,
mm 336,Reef Shark,Medium,Beast,,Unaligned,0.5,100,14,13,13,1,10,4,,,,,,,,,,,,,,,,,,,22,,,
mm 336,Rhinoceros,Large,Beast,,Unaligned,2,450,21,8,15,2,12,6,,,,,,,,,,,,,,,,,,,45,,,
mm 336,Riding Horse,Large,Beast,,Unaligned,0.25,50,16,10,12,2,11,7,,,,,,,,,,,,,,,,,,,13,,,
mm 336,Saber-toothed Tiger,Large,Beast,,Unaligned,2,450,18,14,15,3,12,8,,,,,,,,,,,,,,,,,,,52,,,
mm 337,Scorpion,Tiny,Beast,,Unaligned,0,10,2,11,8,1,8,2,,,,,,,,,,,,,,,,,,,1,,,
mm 337,Sea Horse,Tiny,Beast,,Unaligned,0,0,1,12,8,1,10,2,,,,,,,,,,,,,,,,,,,1,,,
mm 337,Spider,Tiny,Beast,,Unaligned,0,10,2,14,8,1,10,2,,,,,,,,,,,,,,,,,,,1,,,
mm 337,Swarm of Bats,Medium,Beast,,Unaligned,0.25,50,5,15,10,2,12,4,,,,,,,,,,,,,,,,,,,22,,,
mm 338,Swarm of Insects,Medium,Beast,,Unaligned,0.5,100,3,13,10,1,7,1,,,,,,,,,,,,,,,,,,,22,,,
mm 338,Swarm of Poisonous Snakes,Medium,Beast,,Unaligned,2,450,8,18,11,1,10,3,,,,,,,,,,,,,,,,,,,36,,,
mm 338,Swarm of Quippers,Medium,Beast,,Unaligned,1,200,13,16,9,1,7,2,,,,,,,,,,,,,,,,,,,28,,,
mm 339,Swarm of Rats,Medium,Beast,,Unaligned,0.25,50,9,11,9,2,10,3,,,,,,,,,,,,,,,,,,,24,,,
mm 339,Swarm of Ravens,Medium,Beast,,Unaligned,0.25,50,6,14,8,3,12,6,,,,,,,,,,,,,,,,,,,24,,,
mm 339,Tiger,Large,Beast,,Unaligned,1,200,17,15,14,3,12,8,,,,,,,,,,,,,,,,,,,37,,,
mm 339,Vulture,Medium,Beast,,Unaligned,0,10,7,10,13,2,12,4,,,,,,,,,,,,,,,,,,,5,,,
mm 34,Bulette,Large,Monstrosity,,Unaligned,5,1800,19,11,21,2,10,5,,,,,,,,,,,,,,,,,,,94,,,
mm 340,Warhorse,Large,Beast,,Unaligned,0.5,100,18,12,13,2,12,7,,,,,,,,,,,,,,,,,,,19,,,
mm 340,Weasel,Tiny,Beast,,Unaligned,0,10,3,16,8,2,12,3,,,,,,,,,,,,,,,,,,,13,,,
mm 340,Winter Wolf,Large,Monstrosity,,NE,3,700,18,13,14,7,12,8,,,,,,,,,,,,,,,,,,,75,,,
mm 341,Wolf,Medium,Beast,,Unaligned,0.25,50,12,15,12,3,12,6,,,,,,,,,,,,,,,,,,,11,,,
mm 341,Worg,Large,Monstrosity,,NE,0.5,100,16,13,13,7,11,8,,,,,,,,,,,,,,,,,,,26,,,
mm 35,Bullywug,Medium,Humanoid,bullywug,NE,0.25,50,12,12,13,7,10,7,,,,,,,,,,,,,,,,,,,11,,,
mm 36,Cambion,Medium,Fiend,,Any evil,5,1800,18,18,16,14,12,16,,,,,,,,,,,,,,,,,,,82,,,
mm 37,Carrion Crawler,Large,Monstrosity,,Unaligned,2,450,14,13,16,1,12,5,,,,,,,,,,,,,,,,,,,51,,,
mm 38,Centaur,Large,Monstrosity,,NG,2,450,18,14,14,9,13,11,,,,,,,,,,,,,,,,,,,45,,,
mm 39,Chimera,Large,Monstrosity,,CE,6,2300,19,11,19,3,14,10,,,,,,,,,,,,,,,,,,,114,,,
mm 40,Chuul,Large,Aberration,,CE,4,1100,19,10,16,5,11,5,,,,,,,,,,,,,,,,,,,93,,,
mm 41,Cloaker,Large,Aberration,,CN,8,3900,17,15,12,13,12,14,,,,,,,,,,,,,,,,,,,78,,,
mm 42,Cockatrice,Small,Monstrosity,,Unaligned,0.5,100,6,12,12,2,13,5,,,,,,,,,,,,,,,,,,,27,,,
mm 43,Couatl,Medium,Celestial,,LG,4,1100,16,20,17,18,20,18,,,,,,,,,,,,,,,,,,,97,,,
mm 44,Crawling Claw,Tiny,Undead,,NE,0,10,13,14,11,5,10,4,,,,,,,,,,,,,,,,,,,2,,,
mm 45,Cyclops,Huge,Giant,,CN,6,2300,22,11,20,8,6,10,,,,,,,,,,,,,,,,,,,138,,,
mm 46,Darkmantle,Small,Monstrosity,,Unaligned,0.5,100,16,12,13,2,10,5,,,,,,,,,,,,,,,,,,,22,,,
mm 47,Death Knight,Medium,Undead,,CE,17,18000,20,11,20,12,16,18,,,,,,,,,,,,,,,,,,,180,,,
mm 48,Demilich,Tiny,Undead,,NE,18,20000,1,20,10,20,17,20,,,,,,,,,,,,,,,,,,,80,,,
mm 48,Demilich (in lair),Tiny,Undead,,NE,20,24500,1,20,10,20,17,20,,,,,,,,,,,,,,,,,,,80,,,
mm 55,Balor,Huge,Fiend,demon,CE,19,22000,26,15,22,20,16,22,,,,,,,,,,,,,,,,,,,262,,,
mm 56,Barlgura,Large,Fiend,demon,CE,5,1800,18,15,16,7,14,9,,,,,,,,,,,,,,,,,,,68,,,
mm 57,Chasme,Large,Fiend,demon,CE,6,2300,15,15,12,11,14,10,,,,,,,,,,,,,,,,,,,84,,,
mm 57,Dretch,Small,Fiend,demon,CE,0.25,50,11,11,12,5,8,3,,,,,,,,,,,,,,,,,,,18,,,
mm 58,Glabrezu,Large,Fiend,demon,CE,9,5000,20,15,21,19,17,16,,,,,,,,,,,,,,,,,,,157,,,
mm 59,Goristro,Huge,Fiend,demon,CE,17,18000,25,11,25,6,13,14,,,,,,,,,,,,,,,,,,,310,,,
mm 60,Hezrou,Large,Fiend,demon,CE,8,3900,19,17,20,5,12,13,,,,,,,,,,,,,,,,,,,136,,,
mm 60,Manes,Small,Fiend,demon,CE,0.125,25,10,9,13,3,8,4,,,,,,,,,,,,,,,,,,,9,,,
mm 61,Marilith,Large,Fiend,demon,CE,16,15000,18,20,20,18,16,20,,,,,,,,,,,,,,,,,,,189,,,
mm 62,Nalfeshnee,Large,Fiend,demon,CE,13,10000,21,10,22,19,12,15,,,,,,,,,,,,,,,,,,,184,,,
mm 63,Quasit,Tiny,Fiend,"demon, shapechanger",CE,1,200,5,17,10,7,10,10,,,,,,,,,,,,,,,,,,,7,,,
mm 64,Shadow Demon,Medium,Fiend,demon,CE,4,1100,1,17,12,14,13,14,,,,,,,,,,,,,,,,,,,66,,,
mm 64,Vrock,Large,Fiend,demon,CE,6,2300,17,15,18,8,13,8,,,,,,,,,,,,,,,,,,,104,,,
mm 65,Yochlol,Medium,Fiend,"demon, shapechanger",CE,10,5900,15,14,18,13,15,15,,,,,,,,,,,,,,,,,,,136,,,
mm 70,Barbed Devil,Medium,Fiend,devil,LE,5,1800,16,17,18,12,14,14,,,,,,,,,,,,,,,,,,,110,,,
mm 70,Bearded Devil,Medium,Fiend,devil,LE,3,700,16,15,15,9,11,11,,,,,,,,,,,,,,,,,,,52,,,
mm 71,Bone Devil,Large,Fiend,devil,LE,9,5000,18,16,18,13,14,16,,,,,,,,,,,,,,,,,,,142,,,
mm 72,Chain Devil,Medium,Fiend,devil,LE,8,3900,18,15,18,11,12,14,,,,,,,,,,,,,,,,,,,85,,,
mm 73,Erinyes,Medium,Fiend,devil,LE,12,8400,18,16,18,14,14,18,,,,,,,,,,,,,,,,,,,153,,,
mm 74,Horned Devil,Large,Fiend,devil,LE,11,7200,22,17,21,12,16,17,,,,,,,,,,,,,,,,,,,178,,,
mm 75,Ice Devil,Large,Fiend,devil,LE,14,11500,21,14,18,18,15,18,,,,,,,,,,,,,,,,,,,180,,,
mm 76,Imp,Tiny,Fiend,"devil, shapechanger",LE,1,200,6,17,13,11,12,14,,,,,,,,,,,,,,,,,,,10,,,
mm 76,Lemure,Medium,Fiend,devil,LE,0,10,10,5,11,1,11,3,,,,,,,,,,,,,,,,,,,13,,,
mm 77,Pit Fiend,Large,Fiend,devil,LE,20,25000,26,14,24,22,18,24,,,,,,,,,,,,,,,,,,,300,,,
mm 78,Spined Devil,Small,Fiend,devil,LE,2,450,10,15,12,11,14,8,,,,,,,,,,,,,,,,,,,22,,,
mm 79,Allosaurus,Large,Beast,,Unaligned,2,450,19,13,17,2,12,5,,,,,,,,,,,,,,,,,,,51,,,
mm 79,Ankylosaurus,Huge,Beast,,Unaligned,3,700,19,11,15,2,12,5,,,,,,,,,,,,,,,,,,,68,,,
mm 80,Plesiosaurus,Large,Beast,,Unaligned,2,450,18,15,16,2,12,5,,,,,,,,,,,,,,,,,,,58,,,
mm 80,Pteranodon,Medium,Beast,,Unaligned,0.25,50,12,15,10,2,9,5,,,,,,,,,,,,,,,,,,,13,,,
mm 80,Triceratops,Huge,Beast,,Unaligned,5,1800,22,9,17,2,11,5,,,,,,,,,,,,,,,,,,,95,,,
mm 80,Tyrannosaurus Rex,Huge,Beast,,Unaligned,8,3900,25,10,19,2,12,9,,,,,,,,,,,,,,,,,,,136,,,
mm 81,Displacer Beast,Large,Monstrosity,,LE,3,700,18,15,16,6,12,8,,,,,,,,,,,,,,,,,,,85,,,
mm 82,Doppelganger,Medium,Monstrosity,shapechanger,N,3,700,11,18,14,11,12,14,,,,,,,,,,,,,,,,,,,52,,,
mm 84,Adult Blue Dracolich,Huge,Undead,,LE,17,18000,25,10,23,16,15,19,,,,,,,,,,,,,,,,,,,225,,,
mm 85,Young Red Shadow Dragon,Large,Dragon,,CE,13,10000,23,10,21,14,11,19,,,,,,,,,,,,,,,,,,,178,,,
mm 87,Ancient Black Dragon,Gargantuan,Dragon,,CE,21,33000,27,14,25,16,15,19,,,,,,,,,,,,,,,,,,,367,,,
mm 88,Adult Black Dragon,Huge,Dragon,,CE,14,11500,23,14,21,14,13,17,,,,,,,,,,,,,,,,,,,195,,,
mm 88,Black Dragon Wyrmling,Medium,Dragon,,CE,2,450,15,14,13,10,11,13,,,,,,,,,,,,,,,,,,,33,,,
mm 88,Young Black Dragon,Large,Dragon,,CE,7,2900,19,14,17,12,11,15,,,,,,,,,,,,,,,,,,,127,,,
mm 90,Ancient Blue Dragon,Gargantuan,Dragon,,LE,23,50000,29,10,27,18,17,21,,,,,,,,,,,,,,,,,,,481,,,
mm 91,Adult Blue Dragon,Huge,Dragon,,LE,16,15000,25,10,23,16,15,19,,,,,,,,,,,,,,,,,,,225,,,
mm 91,Blue Dragon Wyrmling,Medium,Dragon,,LE,3,700,17,10,15,12,11,15,,,,,,,,,,,,,,,,,,,52,,,
mm 91,Young Blue Dragon,Large,Dragon,,LE,9,5000,21,10,19,14,13,17,,,,,,,,,,,,,,,,,,,152,,,
mm 93,Ancient Green Dragon,Gargantuan,Dragon,,LE,22,41000,27,12,25,20,17,19,,,,,,,,,,,,,,,,,,,385,,,
mm 94,Adult Green Dragon,Huge,Dragon,,LE,15,13000,23,12,21,18,15,17,,,,,,,,,,,,,,,,,,,207,,,
mm 94,Young Green Dragon,Large,Dragon,,LE,8,3900,19,12,7,16,13,15,,,,,,,,,,,,,,,,,,,136,,,
mm 95,Green Dragon Wyrmling,Medium,Dragon,,LE,2,450,15,12,13,14,11,13,,,,,,,,,,,,,,,,,,,38,,,
mm 97,Ancient Red Dragon,Gargantuan,Dragon,,CE,24,62000,30,10,29,18,15,23,,,,,,,,,,,,,,,,,,,546,,,
mm 98,Adult Red Dragon,Huge,Dragon,,CE,17,18000,27,10,25,16,13,21,,,,,,,,,,,,,,,,,,,256,,,
mm 98,Red Dragon Wyrmling,Medium,Dragon,,CE,4,1100,19,10,17,12,11,15,,,,,,,,,,,,,,,,,,,75,,,
mm 98,Young Red Dragon,Large,Dragon,,CE,10,5900,23,10,21,14,11,19,,,,,,,,,,,,,,,,,,,178,,,
mm 98,Young Red Dragon,Large,Dragon,,CE,10,5900,23,10,21,14,11,19,,,,,,,,,,,,,,,,,,,178,,,